file_size_bytes,file_size,method,iterations,average_seconds,minimum_seconds,maximum_seconds
512000,500 KB,AES-GCM,30,0.00012122333670655886,9.329995373263955e-05,0.0003717999788932502
512000,500 KB,RSA-OAEP only,1,0.17384399997536093,0.17384399997536093,0.17384399997536093
512000,500 KB,Hybrid AES-GCM + RSA-OAEP,30,0.0016127033294954648,0.0009124000207521021,0.005220700055360794
2097152,2 MB,AES-GCM,30,0.008225366661402706,0.0017732999986037612,0.09686180000426248
2097152,2 MB,RSA-OAEP only,1,0.6018804999766871,0.6018804999766871,0.6018804999766871
2097152,2 MB,Hybrid AES-GCM + RSA-OAEP,30,0.002731719999186074,0.0013916000025346875,0.008975799952168018
10485760,10 MB,AES-GCM,30,0.008956669996647786,0.005884699989110231,0.01691379997646436
10485760,10 MB,RSA-OAEP only,1,4.980940200039186,4.980940200039186,4.980940200039186
10485760,10 MB,Hybrid AES-GCM + RSA-OAEP,30,0.012729476669725652,0.008591099991463125,0.02004030003445223
